co_curso,cpc_faixa
13,4
8,4
2,3
1,4
123427,4
62936,4
116708,4
117004,4
62940,4
7,4
145,5
149,4
167,4
122,5
148,4
165,4
34642,4
22844,4
26033,4
31381,4
128,4
126,5
1138344,5
1138345,4
20762,5
95033,4
306,5
95044,3
20764,4
308,4
80420,4
52852,3
116216,3
1457515,4
116324,4
99418,4
64064,5
99420,4
392,4
101608,3
112106,3
388,3
378,3
376,4
395,4
112104,3
18353,4
377,4
112098,4
18373,4
99870,3
116640,4
490,3
492,3
491,4
22129,4
497,4
112594,4
121677,4
596,4
112598,4
121669,4
41622,3
115084,5
112676,4
109478,4
96405,4
683,5
111120,4
1126514,4
21586,5
1111410,4
686,4
705,4
43916,4
18860,4
1376265,5
766,4
767,4
765,4
764,3
40980,3
773,4
781,3
762,3
1028,5
1458140,4
1041,3
1027,3
20942,4
99665,4
1304865,4
1112986,3
103016,4
115870,4
1443,4
103014,4
1431,4
1436,4
115802,4
68123,4
115794,4
1109223,3
2104,4
21711,4
2111,3
2106,4
29354,4
2198,4
107472,4
2214,4
1150252,4
1150283,3
114203,3
1213442,3
1181263,3
57784,3
18664,4
20580,3
68567,3
91799,3
91814,3
1268539,3
1342685,1
1342686,2
2448,4
2471,3
19501,3
91535,3
1327484,2
1400199,3
5000472,2
19498,4
91386,4
91495,4
91539,4
91692,4
92279,4
1188474,4
1328737,4
68566,4
5000473,4
19495,4
123823,3
2532,5
117348,5
1287475,4
53596,4
113291,5
2620,3
21871,3
21896,3
92687,3
92693,3
92761,3
94270,3
1148015,4
1441524,3
1441526,3
1445324,3
2619,3
21887,2
39248,3
39391,3
1148034,4
2618,4
21882,3
1445314,4
1445320,4
1445321,4
1445322,4
1445323,4
99634,3
1328771,1
99638,2
99686,3
100113,4
1142406,3
1445343,0
1297373,5
1297385,5
2697,5
19486,4
73420,4
85430,4
22176,3
3129,4
3136,4
3203,4
25155,4
1278853,4
66897,4
71071,3
3137,4
82295,4
3393,4
3394,4
3415,4
3392,3
3395,4
3401,4
21626,4
5000548,4
3484,4
18066,3
3558,4
72602,3
3560,3
18408,3
3559,4
18407,3
18416,3
3570,4
57608,4
100103,0
65986,4
65987,4
3562,4
57604,4
117110,4
1264907,3
3659,3
3660,4
3658,4
3663,3
1267282,5
3685,3
3672,4
1149888,4
118200,4
91999,3
21514,3
21511,3
105276,3
4102,3
4086,3
52238,3
4190,4
71813,4
4191,4
121779,4
4197,4
1396245,4
7835,4
150243,2
7836,3
92594,3
7834,4
7833,3
64594,4
1303511,0
8433,3
120595,3
120599,3
1184319,4
1216229,4
96347,4
1276879,4
1279069,0
1279095,3
39492,2
11124,3
1178765,2
11320,4
11315,4
11319,3
11318,4
22404,4
11294,3
1330027,4
11313,4
1177364,3
105440,4
11441,4
11457,4
11427,4
11448,4
11451,3
22407,4
103307,3
11458,4
11434,5
11453,5
1270683,3
11538,3
11537,4
1120660,3
50684,4
5001343,3
11601,3
114756,3
11602,4
114433,2
11600,4
11615,3
11599,3
11596,4
114758,3
11606,4
61296,3
105578,3
1215490,3
1404085,3
1446544,3
121376,3
121378,3
1573319,2
1572361,4
1572363,3
11989,3
11988,4
11993,4
11990,4
25795,4
31850,4
28352,4
11998,4
115011,4
12012,4
12311,4
12355,4
116928,4
12312,4
12349,4
12314,5
12317,4
18852,4
29462,4
12316,4
1279922,4
116624,4
12325,5
18394,4
108348,3
12572,5
1364273,4
12573,5
12571,4
12566,4
27649,4
1363952,5
47740,4
28372,3
1363950,5
102296,4
123394,5
1126604,5
12563,4
12701,4
12724,4
90475,5
1125326,4
1457276,4
12711,4
1107861,4
12698,4
1077609,3
12699,4
52258,4
1122220,4
1342617,4
312703,4
382876,4
1100005,4
5000478,4
108648,4
12691,5
12696,4
82834,5
1270437,4
63646,3
12822,4
116566,4
12824,4
116568,4
12823,4
12820,4
116582,4
12829,4
116580,4
12821,4
12913,4
22446,4
1083680,3
1105183,4
1102664,4
12912,4
96181,4
1083678,4
1078717,4
1078718,4
1078719,4
1102668,3
1107692,4
1102673,3
1327469,5
96781,4
12941,5
121492,5
12947,5
12948,5
12951,4
27656,4
12974,4
33738,4
5000057,4
58092,4
22451,5
1178684,5
1132074,4
1183351,5
13090,4
1178683,4
13089,5
21860,4
1178675,4
27657,4
36356,4
13113,4
13107,5
21589,4
13203,4
101936,3
1151781,3
13204,4
1151169,3
13205,4
1151168,3
13207,4
33003,4
13222,4
102162,3
13214,4
102158,4
102164,3
13322,5
13315,5
117072,4
13292,4
13302,4
117078,4
29478,4
13299,4
1110906,4
13296,5
118180,5
1102487,0
13395,5
13455,4
13397,4
98976,4
13394,3
13398,4
1110415,3
1268219,4
13413,4
1126958,4
98982,4
13417,4
1125642,4
19562,4
13572,4
101082,4
13573,4
13574,3
101086,4
13576,4
29483,3
13608,4
33784,4
13582,4
13581,4
13625,4
13703,5
1313521,4
1351144,0
45005,4
13714,4
13725,4
13732,5
45077,4
13734,5
66465,5
1119202,5
13852,4
41011,4
103408,4
103410,4
1161626,0
13853,4
84423,4
13851,4
41054,4
1106428,4
13850,5
41063,4
33011,4
103398,4
18391,4
40152,4
121604,4
1107233,5
13998,4
38202,5
13969,4
38204,4
13970,4
38206,4
99306,3
13968,4
38208,4
23947,4
13986,3
99310,4
37267,4
14002,3
90047,4
5001241,4
90202,4
80638,4
14109,4
27673,4
14106,4
90042,4
18953,4
1188874,4
121932,4
14213,5
14219,4
14220,4
14223,4
14222,5
314238,4
116532,5
82368,3
14240,5
14365,4
14364,4
1125881,4
14366,4
14363,4
25835,4
14356,4
23972,4
116840,4
1114299,4
14358,4
118418,5
118472,3
14515,4
101836,4
14537,4
1152630,5
14539,4
107572,4
106104,4
91260,4
120450,4
1032890,4
1270725,4
1270731,4
1272127,4
1272129,3
1189915,4
1270650,3
1128679,5
1128678,5
1128677,4
94095,4
1128675,4
1103070,5
53522,5
150124,4
1160838,4
18864,4
1304118,3
1304510,4
111658,5
1160421,4
1441206,4
1161235,4
100868,3
100918,4
100822,3
100866,4
100899,4
112688,4
114564,4
18148,5
18912,4
1103311,3
1188421,2
1401138,3
1457268,3
1457293,3
1103318,3
1442893,3
1190580,4
116140,4
1127980,3
1152728,4
1116969,4
1127982,3
1153281,3
1370719,3
1377590,4
1399241,3
1427492,4
1443285,4
14678,3
55514,3
14679,3
18396,3
30501,3
1313220,3
26622,3
103566,2
82524,3
14701,3
14711,4
14719,4
69868,4
14702,4
14710,4
14718,4
14705,4
14713,3
15054,4
69514,4
69787,4
69870,4
14715,4
14716,4
1313259,4
14720,3
1101544,3
1113667,2
14972,3
1102184,4
1102064,4
1102999,4
5000132,4
120803,4
1127951,3
45157,4
15162,3
15164,3
60549,3
15338,3
15339,3
15340,2
15342,3
27744,3
15346,3
26963,3
1533815,3
15406,4
15405,3
15407,3
19045,4
1183082,4
15734,3
15744,4
20266,4
20264,4
18674,3
1419832,4
1188088,4
115472,3
15788,4
1101758,4
60936,3
15830,3
15847,3
15877,4
52130,4
52136,4
122908,4
1351543,4
1409703,4
15848,4
15867,4
1268283,5
1366344,4
15873,4
18385,4
18386,4
52128,3
31210,4
15852,3
52125,4
52141,4
1168942,0
1111970,5
21546,4
1269879,3
15988,4
16008,3
24092,2
122752,3
15989,4
16000,4
16016,3
15987,3
15995,3
16012,4
58084,4
24087,4
107856,4
1126732,4
17052,4
44461,4
48299,3
58508,3
1185902,3
16281,3
17053,4
68114,3
113555,4
51618,3
16280,3
48302,3
1265319,3
1265365,3
1265414,4
1555929,4
1419552,4
58512,3
85660,3
16397,3
120848,3
16400,3
16395,4
16398,4
1484420,4
16402,4
16393,4
18777,3
69929,2
69931,3
16580,3
121578,3
16596,3
1327515,3
16595,3
1327516,3
16630,3
16629,3
16628,2
50913,3
81054,2
16677,3
16688,3
43016,2
71043,4
16687,3
43061,2
43108,3
71035,3
18546,4
18547,3
18548,4
71011,3
71019,3
71047,4
71562,4
122166,2
1369296,3
1377502,3
19082,4
71033,3
118174,4
16892,3
16891,3
16899,4
22534,4
101121,4
101338,3
16905,3
119124,3
43759,3
95375,4
1313150,3
1313165,3
1313169,3
1168596,4
1313168,3
1313170,3
1139597,3
1267553,4
17200,4
5001360,2
1139496,3
1139493,3
17202,2
100966,3
1465805,3
109874,3
17411,3
39861,3
70584,4
17439,5
1157031,5
113045,3
113047,2
95708,3
68319,3
17762,3
17766,3
68315,3
45605,4
5000476,3
50902,3
60418,3
73132,3
79690,3
105274,2
89240,4
89257,3
96502,3
11158,4
11663,3
59696,3
92415,3
50852,3
83101,3
105128,3
2174,4
20855,3
50853,4
83102,2
105130,3
82494,4
105344,2
105346,3
121476,0
110358,3
1142485,4
97509,4
108584,3
122076,4
105272,3
68928,3
1358001,3
1129882,4
1605989,2
1292964,3
1321907,3
52437,3
1427683,3
11166,4
45352,4
64284,4
150263,3
11167,4
11193,4
19328,4
11169,4
60900,5
64103,4
60899,4
44419,4
44421,4
64196,4
100260,3
49960,4
123105,3
1167926,3
1457495,3
1457499,3
1457500,4
1377488,3
91941,3
1313176,5
1150484,4
100633,4
1376260,4
1150796,4
1150290,3
94840,4
5000144,4
1314255,3
5000142,3
1166595,4
1264959,3
1319231,4
1376048,4
1457344,3
1458011,3
1330110,3
1475096,4
71167,4
1519156,2
1443506,4
1475623,4
1261051,4
1321288,4
1421313,4
1366640,3
1129104,3
1421322,4
1400719,4
1313174,4
1128376,3
1214441,4
1366648,4
1405320,4
1128551,4
1191218,3
1455263,4
1330028,3
105480,4
1341190,3
1375424,3
1375997,3
1376003,3
1376006,3
1442894,3
1341196,3
1375996,3
1127740,3
1166665,3
63070,3
1375422,3
94907,3
50918,2
50922,3
122532,2
13434,4
118546,3
79567,3
13451,3
13433,3
1108087,4
1117877,3
1135705,3
57638,4
1312315,3
1330814,4
1483743,4
1189018,5
1330818,3
1342445,3
1342611,3
1111393,2
1188616,2
1452469,2
1342448,3
1368246,2
1327250,2
1313191,2
1454791,4
1260936,4
1127888,4
1286473,3
60984,5
1321651,3
1315485,4
60616,4
60635,3
1284835,4
1486977,4
107474,4
1157936,3
1190445,3
1214190,3
1342407,4
121892,3
1167795,4
1191027,4
1357714,4
1419673,4
1298973,4
1161643,3
57870,3
121888,4
1313968,3
1156646,2
1163760,3
1512308,3
113585,3
1103697,3
1116908,3
1103648,3
1333077,4
1161237,3
66972,4
94923,4
1314430,4
1314431,0
1314433,3
1314434,3
1366556,4
5000093,3
5000094,3
1333090,4
1333092,3
41244,4
17153,3
18426,3
18424,4
38216,4
1300503,4
1300177,4
110744,4
1100883,3
4072,4
4073,4
4075,4
121170,3
58274,3
1156224,5
1156223,4
1468231,4
74064,4
85588,4
75345,3
1178852,2
104578,3
1153635,3
1153086,3
1150265,4
1516954,4
75355,4
1292872,4
1168654,4
1191291,3
1314990,3
1342523,4
1419860,4
1341343,3
1103187,3
1279598,3
1334005,4
1334009,5
1313446,4
17073,3
69581,4
116680,3
1175729,3
121385,4
113425,4
100433,5
1191700,4
114987,4
1105377,4
21540,4
15884,5
1172805,4
21541,4
121403,3
121405,4
1427034,3
1204018,4
1184730,2
90773,4
1395994,3
1127161,3
1161406,5
123345,4
1278988,4
1150400,3
1150383,3
1283114,4
1264305,3
1307325,3
1185016,4
98669,3
108344,3
98646,4
98659,3
9976,3
111302,2
9977,3
112326,2
111300,3
1365768,3
104300,4
1103695,4
1188933,4
1404304,4
103437,4
103438,4
121593,4
103439,5
120201,4
1209150,3
1152530,3
1450989,4
1536438,3
122406,3
1445259,4
1330187,3
1443824,3
1180457,4
1324509,4
1330463,3
1492144,3
16154,3
16155,3
1127370,4
73360,4
1489933,4
1488242,4
1445887,5
1128153,3
1446760,3
1313441,5
5000072,4
5000076,4
1313155,4
16180,3
16181,2
16182,3
34671,4
1395932,4
1183789,3
12096,4
5000376,4
5000386,3
1139343,4
1388356,4
1420072,3
5000480,3
1419837,3
1150469,4
1263897,4
1150371,2
1150418,4
1179042,4
1178786,4
1150458,3
1150700,4
1149898,4
1526170,3
1178610,2
1452069,4
1180085,3
1519716,3
1150327,3
1451895,3
1150260,3
1182800,4
1442656,4
1150426,5
1515686,4
1150942,4
1483540,4
1390496,3
1321291,4
1542825,4
1441602,3
1151139,3
1156897,2
1483827,3
1483828,3
1183601,3
1150496,4
5001541,4
1270313,3
1270315,3
1262461,5
12078,4
1276154,4
1288270,4
3638,3
8762,4
42040,4
120346,4
3639,3
8763,3
16318,3
57896,4
8764,3
58198,3
50198,4
50201,5
55973,4
43188,4
50203,3
99028,4
5001356,4
1276413,3
99340,4
1127894,4
1457087,5
150095,4
1550073,5
1547967,4
1547879,0
1441848,4
1330005,4
1438348,3
5001291,2
1322605,4
1327560,2
5001246,3
1516681,3
5001280,3
1321766,3
1480103,3
1323760,3
1610725,3
5001415,3
1522133,3
11890,3
120747,3
1474144,3
5001430,3
1525967,3
1537667,4
102084,4
121395,3
500,3
501,3
502,3
102530,4
99921,3
120832,4
107894,4
1127343,4
21,3
123052,4
84854,4
